{"score":70.45014085632654,"scoreP":97.24251896390388,"scoreN":43.468671679197996,"topScore":70.56802061896865}